{"epics": [{"Status": "Green", "Owner": "Aradhana Yeluakit (BCBSA)", "Epic": "Epic4", "UserStoriesInProgress": 0, "Feature": "Feature12", "FeatureName": "DE12 -Step up code Generation", "DemoedUserStories": 12, "TotalUserStories": 20, "Release": "2017 Release 3", "EpicName": "Unified Registration", "DefinedUserStories": 0}, {"Status": "Green", "Owner": "Will Randolph", "Epic": "Epic4", "UserStoriesInProgress": 2, "Feature": "Feature244", "FeatureName": "eService: Enrollment Confirmation Form", "DemoedUserStories": 16, "TotalUserStories": 20, "Release": "2017 Release 3", "EpicName": "Unified Registration", "DefinedUserStories": 0}, {"Status": "Green", "Owner": "Aradhana Yeluakit (BCBSA)", "Epic": "Epic4", "UserStoriesInProgress": 0, "Feature": "Feature236", "FeatureName": "Better Registration - R3 Iteration", "DemoedUserStories": 3, "TotalUserStories": 7, "Release": "2017 Release 3", "EpicName": "Unified Registration", "DefinedUserStories": 3}, {"Status": "Green", "Owner": "Aradhana Yeluakit (BCBSA)", "Epic": "Epic7", "UserStoriesInProgress": 2, "Feature": "Feature213", "FeatureName": "Member Engagement Preferences- Iteration", "DemoedUserStories": 8, "TotalUserStories": 11, "Release": "2017 Release 3", "EpicName": "Preferences & Account Details", "DefinedUserStories": 0}, {"Status": "Green", "Owner": "Will Randolph", "Epic": "Epic7", "UserStoriesInProgress": 0, "Feature": "Feature106", "FeatureName": "Life Event Updates", "DemoedUserStories": 13, "TotalUserStories": 20, "Release": "2017 Release 3", "EpicName": "Preferences & Account Details", "DefinedUserStories": 0}, {"Status": "Green", "Owner": "Chris Hockley (BCBSA)", "Epic": "Epic26", "UserStoriesInProgress": 0, "Feature": "Feature263", "FeatureName": "AIM Run and Maintain 2017 R3", "DemoedUserStories": 2, "TotalUserStories": 4, "Release": "2017 Release 3", "EpicName": "AIM Run and Maintain", "DefinedUserStories": 0}, {"Status": "Green", "Owner": "Leigh Adler (BCBSA)", "Epic": "Epic29", "UserStoriesInProgress": 0, "Feature": "Feature234", "FeatureName": "DMIP Notifications [One CTA]", "DemoedUserStories": 6, "TotalUserStories": 12, "Release": "2017 Release 3", "EpicName": "Diabetes Management Incentive Program", "DefinedUserStories": 0}, {"Status": "Green", "Owner": "Chris Hockley (BCBSA)", "Epic": "Epic31", "UserStoriesInProgress": 0, "Feature": "Feature232", "FeatureName": "Refactor R3", "DemoedUserStories": 3, "TotalUserStories": 4, "Release": "2017 Release 3", "EpicName": "MyBlue Run and Maintain", "DefinedUserStories": 0}, {"Status": "Green", "Owner": "Aradhana Yeluakit (BCBSA)", "Epic": "Epic31", "UserStoriesInProgress": 0, "Feature": "Feature247", "FeatureName": "MyBlue Run and Maintain 2017 R3", "DemoedUserStories": 1, "TotalUserStories": 5, "Release": "2017 Release 3", "EpicName": "MyBlue Run and Maintain", "DefinedUserStories": 0}, {"Status": "Green", "Owner": "Leigh Adler (BCBSA)", "Epic": "Epic32", "UserStoriesInProgress": 2, "Feature": "Feature242", "FeatureName": "WebMD Run and Maintain 2017 R3", "DemoedUserStories": 1, "TotalUserStories": 13, "Release": "2017 Release 3", "EpicName": "WebMD Run and Maintain", "DefinedUserStories": 0}, {"Status": "Green", "Owner": "Aradhana Yeluakit (BCBSA)", "Epic": "Epic35", "UserStoriesInProgress": 0, "Feature": "Feature250", "FeatureName": "FEPOC Agile Run and Maintain 2017 R3", "DemoedUserStories": 2, "TotalUserStories": 4, "Release": "2017 Release 3", "EpicName": "OC Agile Run and Maintain", "DefinedUserStories": 0}, {"Status": "Green", "Owner": "Aradhana Yeluakit (BCBSA)", "Epic": "Epic35", "UserStoriesInProgress": 0, "Feature": "Feature251", "FeatureName": "eService Run and Maintain 2017 R3", "DemoedUserStories": 0, "TotalUserStories": 0, "Release": "2017 Release 3", "EpicName": "OC Agile Run and Maintain", "DefinedUserStories": 0}, {"Status": "Green", "Owner": "Rekha Ayalur (BCBSA)", "Epic": "Epic37", "UserStoriesInProgress": 0, "Feature": "Feature241", "FeatureName": "CCTI Hardware Refresh R3", "DemoedUserStories": 7, "TotalUserStories": 12, "Release": "2017 Release 3", "EpicName": "CCTI Run and Maintain", "DefinedUserStories": 0}, {"Status": "Green", "Owner": "Rekha Ayalur (BCBSA)", "Epic": "Epic37", "UserStoriesInProgress": 0, "Feature": "Feature246", "FeatureName": "CCTI Run and Maintain 2017 R3", "DemoedUserStories": 16, "TotalUserStories": 19, "Release": "2017 Release 3", "EpicName": "CCTI Run and Maintain", "DefinedUserStories": 0}, {"Status": "Green", "Owner": "Chris Hockley (BCBSA)", "Epic": "Epic39", "UserStoriesInProgress": 0, "Feature": "Feature159", "FeatureName": "WS Monitoring in Production", "DemoedUserStories": 0, "TotalUserStories": 2, "Release": "2017 Release 3", "EpicName": "DX Monitoring", "DefinedUserStories": 0}, {"Status": "Green", "Owner": "Leigh Adler (BCBSA)", "Epic": "Epic40", "UserStoriesInProgress": 0, "Feature": "Feature113", "FeatureName": "Real Time Incentives Iteration", "DemoedUserStories": 2, "TotalUserStories": 15, "Release": "2017 Release 3", "EpicName": "Real Time Incentives", "DefinedUserStories": 3}, {"Status": "Green", "Owner": "Leigh Adler (BCBSA)", "Epic": "Epic40", "UserStoriesInProgress": 0, "Feature": "Feature154", "FeatureName": "Incentives Spending and Awareness", "DemoedUserStories": 14, "TotalUserStories": 20, "Release": "2017 Release 3", "EpicName": "Real Time Incentives", "DefinedUserStories": 0}, {"Status": "Green", "Owner": "Molly Frederickson (BCBSA)", "Epic": "Epic42", "UserStoriesInProgress": 0, "Feature": "Feature224", "FeatureName": "Notification Cleanup Iteration", "DemoedUserStories": 7, "TotalUserStories": 9, "Release": "2017 Release 3", "EpicName": "Digital Engagement Standards", "DefinedUserStories": 0}, {"Status": "Green", "Owner": "Aradhana Yeluakit (BCBSA)", "Epic": "Epic42", "UserStoriesInProgress": 0, "Feature": "Feature229", "FeatureName": "Claims & EOB Notification Coalescence", "DemoedUserStories": 16, "TotalUserStories": 20, "Release": "2017 Release 3", "EpicName": "Digital Engagement Standards", "DefinedUserStories": 0}, {"Status": "Green", "Owner": "Michele P", "Epic": "Epic46", "UserStoriesInProgress": 0, "Feature": "Feature78", "FeatureName": "Provider Finder Replacement and Average Cost", "DemoedUserStories": 6, "TotalUserStories": 11, "Release": "2017 Release 3", "EpicName": "Get Care Pre-Encounter", "DefinedUserStories": 0}, {"Status": "Green", "Owner": "Aradhana Yeluakit (BCBSA)", "Epic": "Epic49", "UserStoriesInProgress": 0, "Feature": "Feature215", "FeatureName": "Mobile Application Member Launch", "DemoedUserStories": 14, "TotalUserStories": 20, "Release": "2017 Release 3", "EpicName": "FEP Mobile Experience", "DefinedUserStories": 0}]}