{"epics": [{"Status": "Green", "Owner": "Aradhana Yeluakit (BCBSA)", "Epic": "Epic4", "Feature": "Feature12", "FeatureName": "DE12 -Step up code Generation", "TotalUserStories": 20, "UndefinedUserStories": 0, "Release": "2017 Release 3", "EpicName": "Unified Registration", "DefinedUserStories": 0}, {"Status": "Green", "Owner": "Will Randolph", "Epic": "Epic4", "Feature": "Feature244", "FeatureName": "eService: Enrollment Confirmation Form", "TotalUserStories": 20, "UndefinedUserStories": 0, "Release": "2017 Release 3", "EpicName": "Unified Registration", "DefinedUserStories": 0}, {"Status": "Green", "Owner": "Aradhana Yeluakit (BCBSA)", "Epic": "Epic4", "Feature": "Feature236", "FeatureName": "Better Registration - R3 Iteration", "TotalUserStories": 7, "UndefinedUserStories": 0, "Release": "2017 Release 3", "EpicName": "Unified Registration", "DefinedUserStories": 3}, {"Status": "Green", "Owner": "Aradhana Yeluakit (BCBSA)", "Epic": "Epic7", "Feature": "Feature213", "FeatureName": "Member Engagement Preferences- Iteration", "TotalUserStories": 11, "UndefinedUserStories": 0, "Release": "2017 Release 3", "EpicName": "Preferences & Account Details", "DefinedUserStories": 0}, {"Status": "Green", "Owner": "Will Randolph", "Epic": "Epic7", "Feature": "Feature106", "FeatureName": "Life Event Updates", "TotalUserStories": 20, "UndefinedUserStories": 0, "Release": "2017 Release 3", "EpicName": "Preferences & Account Details", "DefinedUserStories": 0}, {"Status": "Green", "Owner": "Chris Hockley (BCBSA)", "Epic": "Epic26", "Feature": "Feature263", "FeatureName": "AIM Run and Maintain 2017 R3", "TotalUserStories": 4, "UndefinedUserStories": 0, "Release": "2017 Release 3", "EpicName": "AIM Run and Maintain", "DefinedUserStories": 0}, {"Status": "Green", "Owner": "Leigh Adler (BCBSA)", "Epic": "Epic29", "Feature": "Feature234", "FeatureName": "DMIP Notifications [One CTA]", "TotalUserStories": 12, "UndefinedUserStories": 1, "Release": "2017 Release 3", "EpicName": "Diabetes Management Incentive Program", "DefinedUserStories": 0}, {"Status": "Green", "Owner": "Chris Hockley (BCBSA)", "Epic": "Epic31", "Feature": "Feature232", "FeatureName": "Refactor R3", "TotalUserStories": 4, "UndefinedUserStories": 0, "Release": "2017 Release 3", "EpicName": "MyBlue Run and Maintain", "DefinedUserStories": 0}, {"Status": "Green", "Owner": "Aradhana Yeluakit (BCBSA)", "Epic": "Epic31", "Feature": "Feature247", "FeatureName": "MyBlue Run and Maintain 2017 R3", "TotalUserStories": 5, "UndefinedUserStories": 0, "Release": "2017 Release 3", "EpicName": "MyBlue Run and Maintain", "DefinedUserStories": 0}, {"Status": "Green", "Owner": "Leigh Adler (BCBSA)", "Epic": "Epic32", "Feature": "Feature242", "FeatureName": "WebMD Run and Maintain 2017 R3", "TotalUserStories": 13, "UndefinedUserStories": 0, "Release": "2017 Release 3", "EpicName": "WebMD Run and Maintain", "DefinedUserStories": 0}, {"Status": "Green", "Owner": "Aradhana Yeluakit (BCBSA)", "Epic": "Epic35", "Feature": "Feature250", "FeatureName": "FEPOC Agile Run and Maintain 2017 R3", "TotalUserStories": 4, "UndefinedUserStories": 1, "Release": "2017 Release 3", "EpicName": "OC Agile Run and Maintain", "DefinedUserStories": 0}, {"Status": "Green", "Owner": "Aradhana Yeluakit (BCBSA)", "Epic": "Epic35", "Feature": "Feature251", "FeatureName": "eService Run and Maintain 2017 R3", "TotalUserStories": 0, "UndefinedUserStories": 0, "Release": "2017 Release 3", "EpicName": "OC Agile Run and Maintain", "DefinedUserStories": 0}, {"Status": "Green", "Owner": "Rekha Ayalur (BCBSA)", "Epic": "Epic37", "Feature": "Feature241", "FeatureName": "CCTI Hardware Refresh R3", "TotalUserStories": 12, "UndefinedUserStories": 0, "Release": "2017 Release 3", "EpicName": "CCTI Run and Maintain", "DefinedUserStories": 0}, {"Status": "Green", "Owner": "Rekha Ayalur (BCBSA)", "Epic": "Epic37", "Feature": "Feature246", "FeatureName": "CCTI Run and Maintain 2017 R3", "TotalUserStories": 19, "UndefinedUserStories": 0, "Release": "2017 Release 3", "EpicName": "CCTI Run and Maintain", "DefinedUserStories": 0}, {"Status": "Green", "Owner": "Chris Hockley (BCBSA)", "Epic": "Epic39", "Feature": "Feature159", "FeatureName": "WS Monitoring in Production", "TotalUserStories": 2, "UndefinedUserStories": 0, "Release": "2017 Release 3", "EpicName": "DX Monitoring", "DefinedUserStories": 0}, {"Status": "Green", "Owner": "Leigh Adler (BCBSA)", "Epic": "Epic40", "Feature": "Feature113", "FeatureName": "Real Time Incentives Iteration", "TotalUserStories": 15, "UndefinedUserStories": 0, "Release": "2017 Release 3", "EpicName": "Real Time Incentives", "DefinedUserStories": 3}, {"Status": "Green", "Owner": "Leigh Adler (BCBSA)", "Epic": "Epic40", "Feature": "Feature154", "FeatureName": "Incentives Spending and Awareness", "TotalUserStories": 20, "UndefinedUserStories": 0, "Release": "2017 Release 3", "EpicName": "Real Time Incentives", "DefinedUserStories": 0}, {"Status": "Green", "Owner": "Molly Frederickson (BCBSA)", "Epic": "Epic42", "Feature": "Feature224", "FeatureName": "Notification Cleanup Iteration", "TotalUserStories": 9, "UndefinedUserStories": 1, "Release": "2017 Release 3", "EpicName": "Digital Engagement Standards", "DefinedUserStories": 0}, {"Status": "Green", "Owner": "Aradhana Yeluakit (BCBSA)", "Epic": "Epic42", "Feature": "Feature229", "FeatureName": "Claims & EOB Notification Coalescence", "TotalUserStories": 20, "UndefinedUserStories": 0, "Release": "2017 Release 3", "EpicName": "Digital Engagement Standards", "DefinedUserStories": 0}, {"Status": "Green", "Owner": "Michele P", "Epic": "Epic46", "Feature": "Feature78", "FeatureName": "Provider Finder Replacement and Average Cost", "TotalUserStories": 11, "UndefinedUserStories": 0, "Release": "2017 Release 3", "EpicName": "Get Care Pre-Encounter", "DefinedUserStories": 0}, {"Status": "Green", "Owner": "Aradhana Yeluakit (BCBSA)", "Epic": "Epic49", "Feature": "Feature215", "FeatureName": "Mobile Application Member Launch", "TotalUserStories": 20, "UndefinedUserStories": 0, "Release": "2017 Release 3", "EpicName": "FEP Mobile Experience", "DefinedUserStories": 0}]}