{"epics": [{"Status": "Green", "Owner": "Aradhana Yeluakit (BCBSA)", "Epic": "Epic22", "UserStoriesInProgress": 0, "Feature": "Feature37", "FeatureName": "Manage My Health Contacts - Phase I", "DemoedUserStories": 6, "TotalUserStories": 20, "Release": "2017 Release 4", "EpicName": "Health Contacts", "DefinedUserStories": 3}, {"Status": "Green", "Owner": "Chris Hockley (BCBSA)", "Epic": "Epic26", "UserStoriesInProgress": 0, "Feature": "Feature265", "FeatureName": "AIM Run and Maintain 2017 R4", "DemoedUserStories": 1, "TotalUserStories": 1, "Release": "2017 Release 4", "EpicName": "AIM Run and Maintain", "DefinedUserStories": 0}, {"Status": "Green", "Owner": "Aradhana Yeluakit (BCBSA)", "Epic": "Epic27", "UserStoriesInProgress": 0, "Feature": "Feature274", "FeatureName": "Benefit Redesign: Benefit Detail Redesign", "DemoedUserStories": 0, "TotalUserStories": 0, "Release": "2017 Release 4", "EpicName": "Personalized Content", "DefinedUserStories": 0}, {"Status": "Green", "Owner": "Aradhana Yeluakit (BCBSA)", "Epic": "Epic27", "UserStoriesInProgress": 8, "Feature": "Feature277", "FeatureName": "OHI Redesign (Page Update)", "DemoedUserStories": 0, "TotalUserStories": 16, "Release": "2017 Release 4", "EpicName": "Personalized Content", "DefinedUserStories": 6}, {"Status": "Green", "Owner": "Aradhana Yeluakit (BCBSA)", "Epic": "Epic30", "UserStoriesInProgress": 3, "Feature": "Feature272", "FeatureName": "Specialty Rx Integration - Nav and UI", "DemoedUserStories": 0, "TotalUserStories": 5, "Release": "2017 Release 4", "EpicName": "New Partner Integration", "DefinedUserStories": 0}, {"Status": "Green", "Owner": "Chris Hockley (BCBSA)", "Epic": "Epic31", "UserStoriesInProgress": 0, "Feature": "Feature233", "FeatureName": "Refactor R4", "DemoedUserStories": 0, "TotalUserStories": 0, "Release": "2017 Release 4", "EpicName": "MyBlue Run and Maintain", "DefinedUserStories": 0}, {"Status": "Green", "Owner": "Aradhana Yeluakit (BCBSA)", "Epic": "Epic31", "UserStoriesInProgress": 0, "Feature": "Feature254", "FeatureName": "MyBlue Run and Maintain 2017 R4", "DemoedUserStories": 0, "TotalUserStories": 3, "Release": "2017 Release 4", "EpicName": "MyBlue Run and Maintain", "DefinedUserStories": 0}, {"Status": "Green", "Owner": "Leigh Adler (BCBSA)", "Epic": "Epic32", "UserStoriesInProgress": 2, "Feature": "Feature252", "FeatureName": "WebMD Run and Maintain 2017 R4", "DemoedUserStories": 1, "TotalUserStories": 7, "Release": "2017 Release 4", "EpicName": "WebMD Run and Maintain", "DefinedUserStories": 1}, {"Status": "Green", "Owner": "Rekha Ayalur (BCBSA)", "Epic": "Epic37", "UserStoriesInProgress": 0, "Feature": "Feature253", "FeatureName": "RTE Run and Maintain 2017 R4", "DemoedUserStories": 4, "TotalUserStories": 8, "Release": "2017 Release 4", "EpicName": "CCTI Run and Maintain", "DefinedUserStories": 4}, {"Status": "Green", "Owner": "Aradhana Yeluakit (BCBSA)", "Epic": "Epic39", "UserStoriesInProgress": 0, "Feature": "Feature239", "FeatureName": "Act as a Member eService", "DemoedUserStories": 0, "TotalUserStories": 20, "Release": "2017 Release 4", "EpicName": "DX Monitoring", "DefinedUserStories": 19}, {"Status": "Green", "Owner": "Aradhana Yeluakit (BCBSA)", "Epic": "Epic49", "UserStoriesInProgress": 2, "Feature": "Feature237", "FeatureName": "Mobile App R4 Iteration", "DemoedUserStories": 5, "TotalUserStories": 20, "Release": "2017 Release 4", "EpicName": "FEP Mobile Experience", "DefinedUserStories": 0}, {"Status": "Green", "Owner": "Patricia Chandler (BCBSA)", "Epic": "Epic63", "UserStoriesInProgress": 0, "Feature": "Feature117", "FeatureName": "Non DX 2018 Year-End Benefits-Medicare HRA", "DemoedUserStories": 0, "TotalUserStories": 1, "Release": "2017 Release 4", "EpicName": "2018 Benefit Year Changes", "DefinedUserStories": 0}, {"Status": "Green", "Owner": "Leigh Adler (BCBSA)", "Epic": "Epic63", "UserStoriesInProgress": 1, "Feature": "Feature169", "FeatureName": "EEOC Ruling Changes for 2018 Benefit Year - Phase 2", "DemoedUserStories": 2, "TotalUserStories": 20, "Release": "2017 Release 4", "EpicName": "2018 Benefit Year Changes", "DefinedUserStories": 12}, {"Status": "Green", "Owner": "Leigh Adler (BCBSA)", "Epic": "Epic63", "UserStoriesInProgress": 1, "Feature": "Feature315", "FeatureName": "PCB Changes for 2018 Benefit Year - Phase 2", "DemoedUserStories": 1, "TotalUserStories": 20, "Release": "2017 Release 4", "EpicName": "2018 Benefit Year Changes", "DefinedUserStories": 11}, {"Status": "Green", "Owner": "Patricia Chandler (BCBSA)", "Epic": "Epic63", "UserStoriesInProgress": 0, "Feature": "Feature322", "FeatureName": "Non Incentive 2018 Benefit Changes", "DemoedUserStories": 0, "TotalUserStories": 0, "Release": "2017 Release 4", "EpicName": "2018 Benefit Year Changes", "DefinedUserStories": 0}]}