{"epics": [{"Status": "Green", "Owner": "Andrew M", "Epic": "Epic2", "UserStoriesInProgress": 0, "Feature": "Feature153", "FeatureName": "VRR Remediation Q2 2017", "DemoedUserStories": 1, "TotalUserStories": 3, "Release": "2017 Release 2", "EpicName": "Vulnerability Response Report Remediation", "DefinedUserStories": 0}, {"Status": "Green", "Owner": "Aradhana Yeluakit (BCBSA)", "Epic": "Epic4", "UserStoriesInProgress": 0, "Feature": "Feature206", "FeatureName": "Better Registration - Mail PIN", "DemoedUserStories": 18, "TotalUserStories": 20, "Release": "2017 Release 2", "EpicName": "Unified Registration", "DefinedUserStories": 0}, {"Status": "Green", "Owner": "Abhilash G", "Epic": "Epic4", "UserStoriesInProgress": 0, "Feature": "Feature161", "FeatureName": "Enrollment Processing Optimization - Web and Batch [Refactor]", "DemoedUserStories": 5, "TotalUserStories": 9, "Release": "2017 Release 2", "EpicName": "Unified Registration", "DefinedUserStories": 0}, {"Status": "Green", "Owner": "Molly Frederickson (BCBSA)", "Epic": "Epic6", "UserStoriesInProgress": 0, "Feature": "Feature207", "FeatureName": "Home Page Refresh Iteration R2", "DemoedUserStories": 7, "TotalUserStories": 8, "Release": "2017 Release 2", "EpicName": "Engaging Ongoing Experience", "DefinedUserStories": 0}, {"Status": "Green", "Owner": "Aradhana Yeluakit (BCBSA)", "Epic": "Epic7", "UserStoriesInProgress": 0, "Feature": "Feature74", "FeatureName": "Permission Management", "DemoedUserStories": 9, "TotalUserStories": 9, "Release": "2017 Release 2", "EpicName": "Preferences & Account Details", "DefinedUserStories": 0}, {"Status": "Green", "Owner": "Leigh Adler (BCBSA)", "Epic": "Epic13", "UserStoriesInProgress": 0, "Feature": "Feature214", "FeatureName": "PCIP Iteration: Personalized SMC", "DemoedUserStories": 12, "TotalUserStories": 19, "Release": "2017 Release 2", "EpicName": "Pregnancy Care Incentive Program", "DefinedUserStories": 0}, {"Status": "Green", "Owner": "Unassigned", "Epic": "Epic23", "UserStoriesInProgress": 0, "Feature": "Feature175", "FeatureName": "Security SDLC Agent at Rackspace", "DemoedUserStories": 1, "TotalUserStories": 1, "Release": "2017 Release 2", "EpicName": "DX Security", "DefinedUserStories": 0}, {"Status": "Green", "Owner": "Andrew M", "Epic": "Epic23", "UserStoriesInProgress": 0, "Feature": "Feature199", "FeatureName": "Security Run and Maintain 2017 R2", "DemoedUserStories": 1, "TotalUserStories": 1, "Release": "2017 Release 2", "EpicName": "DX Security", "DefinedUserStories": 0}, {"Status": "Green", "Owner": "Rebecca Cowie", "Epic": "Epic26", "UserStoriesInProgress": 0, "Feature": "Feature198", "FeatureName": "AIM Run and Maintain 2017 R2", "DemoedUserStories": 1, "TotalUserStories": 3, "Release": "2017 Release 2", "EpicName": "AIM Run and Maintain", "DefinedUserStories": 0}, {"Status": "Green", "Owner": "Aradhana Yeluakit (BCBSA)", "Epic": "Epic27", "UserStoriesInProgress": 0, "Feature": "Feature108", "FeatureName": "eService Duplicate Page and Data Clean-up", "DemoedUserStories": 3, "TotalUserStories": 4, "Release": "2017 Release 2", "EpicName": "Personalized Content", "DefinedUserStories": 0}, {"Status": "Green", "Owner": "Leigh Adler (BCBSA)", "Epic": "Epic29", "UserStoriesInProgress": 0, "Feature": "Feature110", "FeatureName": "DMIP Iteration R2 2017", "DemoedUserStories": 13, "TotalUserStories": 20, "Release": "2017 Release 2", "EpicName": "Diabetes Management Incentive Program", "DefinedUserStories": 0}, {"Status": "Green", "Owner": "Aradhana Yeluakit (BCBSA)", "Epic": "Epic31", "UserStoriesInProgress": 0, "Feature": "Feature194", "FeatureName": "MyBlue Run and Maintain 2017 R2", "DemoedUserStories": 1, "TotalUserStories": 6, "Release": "2017 Release 2", "EpicName": "MyBlue Run and Maintain", "DefinedUserStories": 0}, {"Status": "Green", "Owner": "Leigh Adler (BCBSA)", "Epic": "Epic32", "UserStoriesInProgress": 0, "Feature": "Feature196", "FeatureName": "WebMD Run and Maintain 2017 R2", "DemoedUserStories": 1, "TotalUserStories": 4, "Release": "2017 Release 2", "EpicName": "WebMD Run and Maintain", "DefinedUserStories": 0}, {"Status": "Green", "Owner": "Leigh Adler (BCBSA)", "Epic": "Epic33", "UserStoriesInProgress": 0, "Feature": "Feature195", "FeatureName": "Incentives Run and Maintain 2017 R2", "DemoedUserStories": 1, "TotalUserStories": 2, "Release": "2017 Release 2", "EpicName": "Incentives Run and Maintain", "DefinedUserStories": 0}, {"Status": "Green", "Owner": "Aradhana Yeluakit (BCBSA)", "Epic": "Epic34", "UserStoriesInProgress": 0, "Feature": "Feature192", "FeatureName": "eService Run and Maintain 2017 R2", "DemoedUserStories": 2, "TotalUserStories": 3, "Release": "2017 Release 2", "EpicName": "eService Run and Maintain", "DefinedUserStories": 0}, {"Status": "Green", "Owner": "Aradhana Yeluakit (BCBSA)", "Epic": "Epic35", "UserStoriesInProgress": 0, "Feature": "Feature191", "FeatureName": "OC Agile Run and Maintain 2017 R2", "DemoedUserStories": 0, "TotalUserStories": 0, "Release": "2017 Release 2", "EpicName": "OC Agile Run and Maintain", "DefinedUserStories": 0}, {"Status": "Green", "Owner": "Jay Tamraz (BCBSA)", "Epic": "Epic37", "UserStoriesInProgress": 0, "Feature": "Feature197", "FeatureName": "CCTI Run and Maintain 2017 R2", "DemoedUserStories": 6, "TotalUserStories": 12, "Release": "2017 Release 2", "EpicName": "CCTI Run and Maintain", "DefinedUserStories": 0}, {"Status": "Green", "Owner": "Aradhana Yeluakit (BCBSA)", "Epic": "Epic43", "UserStoriesInProgress": 0, "Feature": "Feature75", "FeatureName": "Financial Dashboard Additional Cost Saving Tips", "DemoedUserStories": 3, "TotalUserStories": 3, "Release": "2017 Release 2", "EpicName": "Financial Insights", "DefinedUserStories": 0}, {"Status": "Green", "Owner": "Michele P", "Epic": "Epic46", "UserStoriesInProgress": 0, "Feature": "Feature223", "FeatureName": "Beta Provider Finder", "DemoedUserStories": 0, "TotalUserStories": 13, "Release": "2017 Release 2", "EpicName": "Get Care Pre-Encounter", "DefinedUserStories": 0}, {"Status": "Green", "Owner": "Aradhana Yeluakit (BCBSA)", "Epic": "Epic49", "UserStoriesInProgress": 0, "Feature": "Feature84", "FeatureName": "Mobile Application MVP", "DemoedUserStories": 4, "TotalUserStories": 20, "Release": "2017 Release 2", "EpicName": "FEP Mobile Experience", "DefinedUserStories": 0}, {"Status": "Green", "Owner": "Melissa Tamraz (BCBSA)", "Epic": "Epic56", "UserStoriesInProgress": 0, "Feature": "Feature121", "FeatureName": "FEP Direct Enhancements for Incentive Programs", "DemoedUserStories": 7, "TotalUserStories": 12, "Release": "2017 Release 2", "EpicName": "FEP Direct", "DefinedUserStories": 0}]}