{"epics": [{"Status": "Green", "Owner": "Aradhana Yeluakit (BCBSA)", "Epic": "Epic22", "Feature": "Feature37", "FeatureName": "Manage My Health Contacts - Phase I", "TotalUserStories": 20, "UndefinedUserStories": 11, "Release": "2017 Release 4", "EpicName": "Health Contacts", "DefinedUserStories": 3}, {"Status": "Green", "Owner": "Chris Hockley (BCBSA)", "Epic": "Epic26", "Feature": "Feature265", "FeatureName": "AIM Run and Maintain 2017 R4", "TotalUserStories": 1, "UndefinedUserStories": 0, "Release": "2017 Release 4", "EpicName": "AIM Run and Maintain", "DefinedUserStories": 0}, {"Status": "Green", "Owner": "Aradhana Yeluakit (BCBSA)", "Epic": "Epic27", "Feature": "Feature274", "FeatureName": "Benefit Redesign: Benefit Detail Redesign", "TotalUserStories": 0, "UndefinedUserStories": 0, "Release": "2017 Release 4", "EpicName": "Personalized Content", "DefinedUserStories": 0}, {"Status": "Green", "Owner": "Aradhana Yeluakit (BCBSA)", "Epic": "Epic27", "Feature": "Feature277", "FeatureName": "OHI Redesign (Page Update)", "TotalUserStories": 16, "UndefinedUserStories": 2, "Release": "2017 Release 4", "EpicName": "Personalized Content", "DefinedUserStories": 6}, {"Status": "Green", "Owner": "Aradhana Yeluakit (BCBSA)", "Epic": "Epic30", "Feature": "Feature272", "FeatureName": "Specialty Rx Integration - Nav and UI", "TotalUserStories": 5, "UndefinedUserStories": 2, "Release": "2017 Release 4", "EpicName": "New Partner Integration", "DefinedUserStories": 0}, {"Status": "Green", "Owner": "Chris Hockley (BCBSA)", "Epic": "Epic31", "Feature": "Feature233", "FeatureName": "Refactor R4", "TotalUserStories": 0, "UndefinedUserStories": 0, "Release": "2017 Release 4", "EpicName": "MyBlue Run and Maintain", "DefinedUserStories": 0}, {"Status": "Green", "Owner": "Aradhana Yeluakit (BCBSA)", "Epic": "Epic31", "Feature": "Feature254", "FeatureName": "MyBlue Run and Maintain 2017 R4", "TotalUserStories": 3, "UndefinedUserStories": 1, "Release": "2017 Release 4", "EpicName": "MyBlue Run and Maintain", "DefinedUserStories": 0}, {"Status": "Green", "Owner": "Leigh Adler (BCBSA)", "Epic": "Epic32", "Feature": "Feature252", "FeatureName": "WebMD Run and Maintain 2017 R4", "TotalUserStories": 7, "UndefinedUserStories": 2, "Release": "2017 Release 4", "EpicName": "WebMD Run and Maintain", "DefinedUserStories": 1}, {"Status": "Green", "Owner": "Rekha Ayalur (BCBSA)", "Epic": "Epic37", "Feature": "Feature253", "FeatureName": "RTE Run and Maintain 2017 R4", "TotalUserStories": 8, "UndefinedUserStories": 0, "Release": "2017 Release 4", "EpicName": "CCTI Run and Maintain", "DefinedUserStories": 4}, {"Status": "Green", "Owner": "Aradhana Yeluakit (BCBSA)", "Epic": "Epic39", "Feature": "Feature239", "FeatureName": "Act as a Member eService", "TotalUserStories": 20, "UndefinedUserStories": 1, "Release": "2017 Release 4", "EpicName": "DX Monitoring", "DefinedUserStories": 19}, {"Status": "Green", "Owner": "Aradhana Yeluakit (BCBSA)", "Epic": "Epic49", "Feature": "Feature237", "FeatureName": "Mobile App R4 Iteration", "TotalUserStories": 20, "UndefinedUserStories": 9, "Release": "2017 Release 4", "EpicName": "FEP Mobile Experience", "DefinedUserStories": 0}, {"Status": "Green", "Owner": "Patricia Chandler (BCBSA)", "Epic": "Epic63", "Feature": "Feature117", "FeatureName": "Non DX 2018 Year-End Benefits-Medicare HRA", "TotalUserStories": 1, "UndefinedUserStories": 0, "Release": "2017 Release 4", "EpicName": "2018 Benefit Year Changes", "DefinedUserStories": 0}, {"Status": "Green", "Owner": "Leigh Adler (BCBSA)", "Epic": "Epic63", "Feature": "Feature169", "FeatureName": "EEOC Ruling Changes for 2018 Benefit Year - Phase 2", "TotalUserStories": 20, "UndefinedUserStories": 5, "Release": "2017 Release 4", "EpicName": "2018 Benefit Year Changes", "DefinedUserStories": 12}, {"Status": "Green", "Owner": "Leigh Adler (BCBSA)", "Epic": "Epic63", "Feature": "Feature315", "FeatureName": "PCB Changes for 2018 Benefit Year - Phase 2", "TotalUserStories": 20, "UndefinedUserStories": 7, "Release": "2017 Release 4", "EpicName": "2018 Benefit Year Changes", "DefinedUserStories": 11}, {"Status": "Green", "Owner": "Patricia Chandler (BCBSA)", "Epic": "Epic63", "Feature": "Feature322", "FeatureName": "Non Incentive 2018 Benefit Changes", "TotalUserStories": 0, "UndefinedUserStories": 0, "Release": "2017 Release 4", "EpicName": "2018 Benefit Year Changes", "DefinedUserStories": 0}]}