{"epics": [{"Status": "Green", "Owner": "Chris Hockley (BCBSA)", "Epic": "Epic6", "Feature": "Feature333", "FeatureName": "DevOps-Test Epic2-Business Metrics Dashboard MVP: KPI Report and Governance and Operating Model", "TotalUserStories": 2, "UndefinedUserStories": 2, "Release": "2018 Program Increment 1", "EpicName": "Engaging Ongoing Experience", "DefinedUserStories": 0}, {"Status": "Green", "Owner": "Jay Govani (BCBSA)", "Epic": "Epic6", "Feature": "Feature334", "FeatureName": "DevOps-Test Epic3-fepblue App Claims/EOB Enhancements", "TotalUserStories": 2, "UndefinedUserStories": 2, "Release": "2018 Program Increment 1", "EpicName": "Engaging Ongoing Experience", "DefinedUserStories": 0}, {"Status": "Green", "Owner": "Molly Frederickson (BCBSA)", "Epic": "Epic6", "Feature": "Feature335", "FeatureName": "DevOps_ Test Epic1-Better Overall User Experience Iteration", "TotalUserStories": 2, "UndefinedUserStories": 2, "Release": "2018 Program Increment 1", "EpicName": "Engaging Ongoing Experience", "DefinedUserStories": 0}]}