<?xml version='1.0' encoding='UTF-8'?>
<synthetic xsi:schemaLocation="http://www.xebialabs.com/deployit/synthetic synthetic.xsd" xmlns="http://www.xebialabs.com/deployit/synthetic" xmlns:xsi="http://www.w3.org/2001/XMLSchema-instance">
<type type="acme.LatestCommitsTile" label="DEMO - Latest commits" extends="xlrelease.Tile">
    <!-- Data caching settings -->
    <property name="cacheEnabled" kind="boolean" hidden="true" default="true" description="True if tile data should be cached."/>
    <property name="userSpecificCache" kind="boolean" hidden="true" default="false" description="True if tile data should be cached per user."/>
    <property name="expirationTime" kind="integer" hidden="true" default="300" description="Expiration time for a tile cache (in seconds)."/>
    <property name="maxCacheEntries" kind="integer" hidden="true" default="500" description="Maximum cache entries."/>
    <!-- Path to the HTML template of the dashboard view of the tile -->
    <property name="uri" hidden="true" default="acme/LatestCommitsTile/latest-commits-tile-summary-view.html" />
    <!-- Path to the HTML template of the dashboard detailed view of the tile -->
    <property name="detailsUri" hidden="true" default="acme/LatestCommitsTile/latest-commits-tile-details-view.html" />
    <!-- Title of the tile, this property is predefined in the parent type, but here you override its default value -->
    <property name="title" description="Display name of the tile" default="DEMO - Latest commits"/>

    <!-- Tile configuration properties -->
    <property name="repositoryId" category="input" required="true" default="octocat/Hello-World"
              description="GitHub repository ID in format ':owner/:repo', for example 'octocat/Hello-World'." />
    <property name="branch" category="input" required="true" default="master"
              description="Repository branch from which to list the commits." />
    <property name="accessToken" category="input" required="false" password="true"
              description="GitHub OAuth token to use for authentication." />
</type>
<type type="acme.LatestBuildsTile" label="DEMO - Latest builds" extends="xlrelease.Tile">
    <!-- Data caching settings -->
    <property name="cacheEnabled" kind="boolean" hidden="true" default="true" description="True if tile data should be cached."/>
    <property name="userSpecificCache" kind="boolean" hidden="true" default="false" description="True if tile data should be cached per user."/>
    <property name="expirationTime" kind="integer" hidden="true" default="300" description="Expiration time for a tile cache (in seconds)."/>
    <property name="maxCacheEntries" kind="integer" hidden="true" default="500" description="Maximum cache entries."/>

    <!-- Path to the HTML template of the dashboard summmary view of the tile -->
    <property name="uri" hidden="true" default="acme/LatestBuildsTile/latest-builds-tile-summary-view.html" />
    <!-- Path to the HTML template of the dashboard detailed view of the tile -->
    <property name="detailsUri" hidden="true" default="acme/LatestBuildsTile/latest-builds-tile-details-view.html" />

    <!-- Title of the tile, this property is predefined in the parent type, but here you override its default value -->
    <property name="title" description="Display name of the tile" default="DEMO - Latest builds"/>

    <!-- Tile configuration properties -->
    <property name="repositoryOwner" category="input" required="true" default="octocat"
              description="DockerHub repository owner. The repository owner will be used to format the repository path, for example if owner=octocat, then 'octocat/Hello-World'." />
    <property name="repositoryName" category="input" required="true" default="Hello-World"
              description="DockerHub repository name. The repository name will be used to format the repository path, for example if name=Hello-World, then 'octocat/Hello-World'." />
</type>
<type type="bcbsa.LatestCommitsTile" label="Latest commits" extends="xlrelease.Tile">
    <!-- Data caching settings -->
    <property name="cacheEnabled" kind="boolean" hidden="true" default="true" description="True if tile data should be cached."/>
    <property name="userSpecificCache" kind="boolean" hidden="true" default="false" description="True if tile data should be cached per user."/>
    <property name="expirationTime" kind="integer" hidden="true" default="300" description="Expiration time for a tile cache (in seconds)."/>
    <property name="maxCacheEntries" kind="integer" hidden="true" default="500" description="Maximum cache entries."/>
    <!-- Path to the HTML template of the dashboard view of the tile -->
    <property name="uri" hidden="true" default="bcbsa/LatestCommitsTile/latest-commits-tile-summary-view.html" />
    <!-- Path to the HTML template of the dashboard detailed view of the tile -->
    <property name="detailsUri" hidden="true" default="bcbsa/LatestCommitsTile/latest-commits-tile-details-view.html" />
    <!-- Title of the tile, this property is predefined in the parent type, but here you override its default value -->
    <property name="title" description="Display name of the tile" default="Latest commits"/>

    <!-- Tile configuration properties -->
    <property name="repositoryId" category="input" required="true" default="octocat/Hello-World"
              description="GitHub repository ID in format ':owner/:repo', for example 'octocat/Hello-World'." />
    <property name="branch" category="input" required="true" default="master"
              description="Repository branch from which to list the commits." />
    <property name="accessToken" category="input" required="false" password="true"
              description="GitHub OAuth token to use for authentication." />
</type>
<type type="bcbsa.LatestBuildsTile" label="Latest builds" extends="xlrelease.Tile">
    <!-- Data caching settings -->
    <property name="cacheEnabled" kind="boolean" hidden="true" default="true" description="True if tile data should be cached."/>
    <property name="userSpecificCache" kind="boolean" hidden="true" default="false" description="True if tile data should be cached per user."/>
    <property name="expirationTime" kind="integer" hidden="true" default="300" description="Expiration time for a tile cache (in seconds)."/>
    <property name="maxCacheEntries" kind="integer" hidden="true" default="500" description="Maximum cache entries."/>

    <!-- Path to the HTML template of the dashboard summmary view of the tile -->
    <property name="uri" hidden="true" default="bcbsa/LatestBuildsTile/latest-builds-tile-summary-view.html" />

    <!-- Title of the tile, this property is predefined in the parent type, but here you override its default value -->
    <property name="title" description="Display name of the tile" default="Latest builds"/>

    <!-- Tile configuration properties -->
    <property name="repositoryOwner" category="input" required="false" default="octocat"
              description="DockerHub repository owner. The repository owner will be used to format the repository path, for example if owner=octocat, then 'octocat/Hello-World'." />
    <property name="repositoryName" category="input" required="false" default="Hello-World"
              description="DockerHub repository name. The repository name will be used to format the repository path, for example if name=Hello-World, then 'octocat/Hello-World'." />
</type>
<type type="bcbsa.RequirementPipelineHealthTile" label="Requirement Pipeline Health" extends="xlrelease.Tile">
    <!-- Data caching settings -->
    <property name="cacheEnabled" kind="boolean" hidden="true" default="true" description="True if tile data should be cached."/>
    <property name="userSpecificCache" kind="boolean" hidden="true" default="false" description="True if tile data should be cached per user."/>
    <property name="expirationTime" kind="integer" hidden="true" default="150" description="Expiration time for a tile cache (in seconds)."/>
    <property name="maxCacheEntries" kind="integer" hidden="true" default="500" description="Maximum cache entries."/>

    <!-- Path to the HTML template of the dashboard summmary view of the tile -->
    <property name="uri" hidden="true" default="bcbsa/RequirementPipelineHealthTile/requirement-pipeline-health-tile-summary-view.html" />
    <!-- Path to the HTML template of the dashboard detailed view of the tile -->
    <property name="detailsUri" hidden="true" default="bcbsa/RequirementPipelineHealthTile/requirement-pipeline-health-tile-details-view.html" />

    <!-- Title of the tile, this property is predefined in the parent type, but here you override its default value -->
    <property name="title" description="Display name of the tile" default="Requirement pipeline health"/>

    <!-- Tile configuration properties -->
    <property name="releaseName" category="input" required="true" default="${releaseName}"
              description="XLR release name. The release name will be used to name collateral created by the tile data gathering process." />
    <property name="authorization" category="input" required="true" default="${authorization}"
              description="Authorization key used by the tile data gathering process" />
    <property name="urlAddress" category="input" required="true" default="${urlAddress}"
              description="URL of the data store used by the tile" />
    <property name="urlParameters" category="input" required="true" default="${urlParameters}"
              description="URL parameters used to query and fiter the data returned by the data store" />
</type>
<type type="bcbsa.ImplementationHealthTile" label="Implementation Health" extends="xlrelease.Tile">
    <!-- Data caching settings -->
    <property name="cacheEnabled" kind="boolean" hidden="true" default="true" description="True if tile data should be cached."/>
    <property name="userSpecificCache" kind="boolean" hidden="true" default="false" description="True if tile data should be cached per user."/>
    <property name="expirationTime" kind="integer" hidden="true" default="150" description="Expiration time for a tile cache (in seconds)."/>
    <property name="maxCacheEntries" kind="integer" hidden="true" default="500" description="Maximum cache entries."/>

    <!-- Path to the HTML template of the dashboard summmary view of the tile -->
    <property name="uri" hidden="true" default="bcbsa/ImplementationHealthTile/implementation-health-tile-summary-view.html" />
    <!-- Path to the HTML template of the dashboard detailed view of the tile -->
    <property name="detailsUri" hidden="true" default="bcbsa/ImplementationHealthTile/implementation-health-tile-details-view.html" />

    <!-- Title of the tile, this property is predefined in the parent type, but here you override its default value -->
    <property name="title" description="Display name of the tile" default="Implementation health"/>

    <!-- Tile configuration properties -->
    <property name="releaseName" category="input" required="true" default="${releaseName}"
              description="XLR release name. The release name will be used to name collateral created by the tile data gathering process." />
    <property name="authorization" category="input" required="true" default="${authorization}"
              description="Authorization key used by the tile data gathering process" />
    <property name="urlAddress" category="input" required="true" default="${urlAddress}"
              description="URL of the data store used by the tile" />
    <property name="urlParameters" category="input" required="true" default="${urlParameters}"
              description="URL parameters used to query and fiter the data returned by the data store" />
</type>
<type type="bcbsa.EpicStatusTile" label="Epic Status" extends="xlrelease.Tile">
    <!-- Data caching settings -->
    <property name="cacheEnabled" kind="boolean" hidden="true" default="true" description="True if tile data should be cached."/>
    <property name="userSpecificCache" kind="boolean" hidden="true" default="false" description="True if tile data should be cached per user."/>
    <property name="expirationTime" kind="integer" hidden="true" default="300" description="Expiration time for a tile cache (in seconds)."/>
    <property name="maxCacheEntries" kind="integer" hidden="true" default="500" description="Maximum cache entries."/>

    <!-- Path to the HTML template of the dashboard summmary view of the tile -->
    <property name="uri" hidden="true" default="bcbsa/EpicStatusTile/epic-status-tile-summary-view.html" />
    <!-- Path to the HTML template of the dashboard detailed view of the tile -->
    <property name="detailsUri" hidden="true" default="bcbsa/EpicStatusTile/epic-status-tile-details-view.html" />

    <!-- Title of the tile, this property is predefined in the parent type, but here you override its default value -->
    <property name="title" description="Display name of the tile" default="Epic status"/>
</type>
<type type="bcbsa.UserStoryStatusTile" label="User Story Status" extends="xlrelease.Tile">
    <!-- Data caching settings -->
    <property name="cacheEnabled" kind="boolean" hidden="true" default="true" description="True if tile data should be cached."/>
    <property name="userSpecificCache" kind="boolean" hidden="true" default="false" description="True if tile data should be cached per user."/>
    <property name="expirationTime" kind="integer" hidden="true" default="300" description="Expiration time for a tile cache (in seconds)."/>
    <property name="maxCacheEntries" kind="integer" hidden="true" default="500" description="Maximum cache entries."/>

    <!-- Path to the HTML template of the dashboard summmary view of the tile -->
    <property name="uri" hidden="true" default="bcbsa/UserStoryStatusTile/user-story-status-tile-summary-view.html" />
    <!-- Path to the HTML template of the dashboard detailed view of the tile -->
    <property name="detailsUri" hidden="true" default="bcbsa/UserStoryStatusTile/user-story-status-tile-details-view.html" />

    <!-- Title of the tile, this property is predefined in the parent type, but here you override its default value -->
    <property name="title" description="Display name of the tile" default="User story status"/>
</type>
<type type="bcbsa.DefectHealthTile" label="Defect Health" extends="xlrelease.Tile">
    <!-- Data caching settings -->
    <property name="cacheEnabled" kind="boolean" hidden="true" default="true" description="True if tile data should be cached."/>
    <property name="userSpecificCache" kind="boolean" hidden="true" default="false" description="True if tile data should be cached per user."/>
    <property name="expirationTime" kind="integer" hidden="true" default="150" description="Expiration time for a tile cache (in seconds)."/>
    <property name="maxCacheEntries" kind="integer" hidden="true" default="500" description="Maximum cache entries."/>

    <!-- Path to the HTML template of the dashboard summmary view of the tile -->
    <property name="uri" hidden="true" default="bcbsa/DefectHealthTile/defect-health-tile-summary-view.html" />
    <!-- Path to the HTML template of the dashboard detailed view of the tile -->
    <property name="detailsUri" hidden="true" default="bcbsa/DefectHealthTile/defect-health-tile-details-view.html" />

    <!-- Title of the tile, this property is predefined in the parent type, but here you override its default value -->
    <property name="title" description="Display name of the tile" default="Defect health"/>

    <!-- Tile configuration properties -->
    <property name="releaseName" category="input" required="true" default="${releaseName}"
              description="XLR release name. The release name will be used to name collateral created by the tile data gathering process." />
    <property name="authorization" category="input" required="true" default="${authorization}"
              description="Authorization key used by the tile data gathering process" />
    <property name="urlAddress" category="input" required="true" default="${urlAddress}"
              description="URL of the data store used by the tile" />
    <property name="urlParameters" category="input" required="true" default="${urlParameters}"
              description="URL parameters used to query and fiter the data returned by the data store" />
</type>
<type type="bcbsa.FeatureStatusTile" label="Feature Status" extends="xlrelease.Tile">
    <!-- Data caching settings -->
    <property name="cacheEnabled" kind="boolean" hidden="true" default="true" description="True if tile data should be cached."/>
    <property name="userSpecificCache" kind="boolean" hidden="true" default="false" description="True if tile data should be cached per user."/>
    <property name="expirationTime" kind="integer" hidden="true" default="300" description="Expiration time for a tile cache (in seconds)."/>
    <property name="maxCacheEntries" kind="integer" hidden="true" default="500" description="Maximum cache entries."/>

    <!-- Path to the HTML template of the dashboard summmary view of the tile -->
    <property name="uri" hidden="true" default="bcbsa/FeatureStatusTile/feature-status-tile-summary-view.html" />

    <!-- Title of the tile, this property is predefined in the parent type, but here you override its default value -->
    <property name="title" description="Display name of the tile" default="Feature status"/>
</type>
<type type="bcbsa.TestExecutionHealthTile" label="Test Execution Health" extends="xlrelease.Tile">
    <!-- Data caching settings -->
    <property name="cacheEnabled" kind="boolean" hidden="true" default="true" description="True if tile data should be cached."/>
    <property name="userSpecificCache" kind="boolean" hidden="true" default="false" description="True if tile data should be cached per user."/>
    <property name="expirationTime" kind="integer" hidden="true" default="150" description="Expiration time for a tile cache (in seconds)."/>
    <property name="maxCacheEntries" kind="integer" hidden="true" default="500" description="Maximum cache entries."/>

    <!-- Path to the HTML template of the dashboard summmary view of the tile -->
    <property name="uri" hidden="true" default="bcbsa/TestExecutionHealthTile/test-execution-health-tile-summary-view.html" />
    <!-- Path to the HTML template of the dashboard detailed view of the tile -->
    <property name="detailsUri" hidden="true" default="bcbsa/TestExecutionHealthTile/test-execution-health-tile-details-view.html" />

    <!-- Title of the tile, this property is predefined in the parent type, but here you override its default value -->
    <property name="title" description="Display name of the tile" default="Test execution health"/>

    <!-- Tile configuration properties -->
    <property name="releaseName" category="input" required="true" default="${releaseName}"
              description="XLR release name. The release name will be used to name collateral created by the tile data gathering process." />
    <property name="authorization" category="input" required="true" default="${authorization}"
              description="Authorization key used by the tile data gathering process" />
    <property name="urlAddress" category="input" required="true" default="${urlAddress}"
              description="URL of the data store used by the tile" />
    <property name="urlParameters" category="input" required="true" default="${urlParameters}"
              description="URL parameters used to query and fiter the data returned by the data store" />
</type>
<type type="bcbsa.FeaturesInProgressTile" label="Features In Progress" extends="xlrelease.Tile">
    <!-- Data caching settings -->
    <property name="cacheEnabled" kind="boolean" hidden="true" default="true" description="True if tile data should be cached."/>
    <property name="userSpecificCache" kind="boolean" hidden="true" default="false" description="True if tile data should be cached per user."/>
    <property name="expirationTime" kind="integer" hidden="true" default="300" description="Expiration time for a tile cache (in seconds)."/>
    <property name="maxCacheEntries" kind="integer" hidden="true" default="500" description="Maximum cache entries."/>

    <!-- Path to the HTML template of the dashboard summmary view of the tile -->
    <property name="uri" hidden="true" default="bcbsa/FeaturesInProgressTile/features-in-progress-tile-summary-view.html" />

    <!-- Title of the tile, this property is predefined in the parent type, but here you override its default value -->
    <property name="title" description="Display name of the tile" default="Features in progress"/>
</type>
<type type="bcbsa.SecurityAnalysisTile" label="Security Analysis" extends="xlrelease.Tile">
    <!-- Data caching settings -->
    <property name="cacheEnabled" kind="boolean" hidden="true" default="true" description="True if tile data should be cached."/>
    <property name="userSpecificCache" kind="boolean" hidden="true" default="false" description="True if tile data should be cached per user."/>
    <property name="expirationTime" kind="integer" hidden="true" default="300" description="Expiration time for a tile cache (in seconds)."/>
    <property name="maxCacheEntries" kind="integer" hidden="true" default="500" description="Maximum cache entries."/>

    <!-- Path to the HTML template of the dashboard summmary view of the tile -->
    <property name="uri" hidden="true" default="bcbsa/SecurityAnalysisTile/security-analysis-tile-summary-view.html" />

    <!-- Title of the tile, this property is predefined in the parent type, but here you override its default value -->
    <property name="title" description="Display name of the tile" default="Security analysis"/>
</type>
<type type="bcbsa.UnitTestsTile" label="Unit Tests" extends="xlrelease.Tile">
    <!-- Data caching settings -->
    <property name="cacheEnabled" kind="boolean" hidden="true" default="true" description="True if tile data should be cached."/>
    <property name="userSpecificCache" kind="boolean" hidden="true" default="false" description="True if tile data should be cached per user."/>
    <property name="expirationTime" kind="integer" hidden="true" default="300" description="Expiration time for a tile cache (in seconds)."/>
    <property name="maxCacheEntries" kind="integer" hidden="true" default="500" description="Maximum cache entries."/>

    <!-- Path to the HTML template of the dashboard summmary view of the tile -->
    <property name="uri" hidden="true" default="bcbsa/UnitTestsTile/unit-tests-tile-summary-view.html" />

    <!-- Title of the tile, this property is predefined in the parent type, but here you override its default value -->
    <property name="title" description="Display name of the tile" default="Unit tests"/>
</type>
<type type="bcbsa.CodeAnalysisTile" label="Code Analysis" extends="xlrelease.Tile">
    <!-- Data caching settings -->
    <property name="cacheEnabled" kind="boolean" hidden="true" default="true" description="True if tile data should be cached."/>
    <property name="userSpecificCache" kind="boolean" hidden="true" default="false" description="True if tile data should be cached per user."/>
    <property name="expirationTime" kind="integer" hidden="true" default="300" description="Expiration time for a tile cache (in seconds)."/>
    <property name="maxCacheEntries" kind="integer" hidden="true" default="500" description="Maximum cache entries."/>

    <!-- Path to the HTML template of the dashboard summmary view of the tile -->
    <property name="uri" hidden="true" default="bcbsa/CodeAnalysisTile/code-analysis-tile-summary-view.html" />

    <!-- Title of the tile, this property is predefined in the parent type, but here you override its default value -->
    <property name="title" description="Display name of the tile" default="Code analysis"/>
</type>
<type type="bcbsa.SyntheticTestsTile" label="Synthetic Tests" extends="xlrelease.Tile">
    <!-- Data caching settings -->
    <property name="cacheEnabled" kind="boolean" hidden="true" default="true" description="True if tile data should be cached."/>
    <property name="userSpecificCache" kind="boolean" hidden="true" default="false" description="True if tile data should be cached per user."/>
    <property name="expirationTime" kind="integer" hidden="true" default="300" description="Expiration time for a tile cache (in seconds)."/>
    <property name="maxCacheEntries" kind="integer" hidden="true" default="500" description="Maximum cache entries."/>

    <!-- Path to the HTML template of the dashboard summmary view of the tile -->
    <property name="uri" hidden="true" default="bcbsa/SyntheticTestsTile/synthetic-tests-tile-summary-view.html" />

    <!-- Title of the tile, this property is predefined in the parent type, but here you override its default value -->
    <property name="title" description="Display name of the tile" default="Synthetic tests"/>
</type>
<type type="bcbsa.TotalBuildsTile" label="Total Builds" extends="xlrelease.Tile">
    <!-- Data caching settings -->
    <property name="cacheEnabled" kind="boolean" hidden="true" default="true" description="True if tile data should be cached."/>
    <property name="userSpecificCache" kind="boolean" hidden="true" default="false" description="True if tile data should be cached per user."/>
    <property name="expirationTime" kind="integer" hidden="true" default="300" description="Expiration time for a tile cache (in seconds)."/>
    <property name="maxCacheEntries" kind="integer" hidden="true" default="500" description="Maximum cache entries."/>

    <!-- Path to the HTML template of the dashboard summmary view of the tile -->
    <property name="uri" hidden="true" default="bcbsa/TotalBuildsTile/total-builds-tile-summary-view.html" />

    <!-- Title of the tile, this property is predefined in the parent type, but here you override its default value -->
    <property name="title" description="Display name of the tile" default="Total builds"/>
</type>
<type type="bcbsa.CodeCommitsTile" label="Code Commits" extends="xlrelease.Tile">
    <!-- Data caching settings -->
    <property name="cacheEnabled" kind="boolean" hidden="true" default="true" description="True if tile data should be cached."/>
    <property name="userSpecificCache" kind="boolean" hidden="true" default="false" description="True if tile data should be cached per user."/>
    <property name="expirationTime" kind="integer" hidden="true" default="300" description="Expiration time for a tile cache (in seconds)."/>
    <property name="maxCacheEntries" kind="integer" hidden="true" default="500" description="Maximum cache entries."/>

    <!-- Path to the HTML template of the dashboard summmary view of the tile -->
    <property name="uri" hidden="true" default="bcbsa/CodeCommitsTile/code-commits-tile-summary-view.html" />

    <!-- Title of the tile, this property is predefined in the parent type, but here you override its default value -->
    <property name="title" description="Display name of the tile" default="Code commits"/>
</type>
<type type="bcbsa.DeploymentsTile" label="Deployments" extends="xlrelease.Tile">
    <!-- Data caching settings -->
    <property name="cacheEnabled" kind="boolean" hidden="true" default="true" description="True if tile data should be cached."/>
    <property name="userSpecificCache" kind="boolean" hidden="true" default="false" description="True if tile data should be cached per user."/>
    <property name="expirationTime" kind="integer" hidden="true" default="300" description="Expiration time for a tile cache (in seconds)."/>
    <property name="maxCacheEntries" kind="integer" hidden="true" default="500" description="Maximum cache entries."/>

    <!-- Path to the HTML template of the dashboard summmary view of the tile -->
    <property name="uri" hidden="true" default="bcbsa/DeploymentsTile/deployments-tile-summary-view.html" />

    <!-- Title of the tile, this property is predefined in the parent type, but here you override its default value -->
    <property name="title" description="Display name of the tile" default="Deployments"/>
</type>
<type type="bcbsa.DefectStatusTile" label="Defect Status" extends="xlrelease.Tile">

    <!-- Path to the HTML template of the dashboard summmary view of the tile -->
    <property name="uri" hidden="true" default="bcbsa/DeploymentsTile/deployments-tile-summary-view.html" />

    <!-- Title of the tile, this property is predefined in the parent type, but here you override its default value -->
    <property name="title" description="Display name of the tile" default="Deployments"/>
</type>
<type type="bcbsa.TestCaseStatusTile" label="Test Case Status" extends="xlrelease.Tile">

    <!-- Path to the HTML template of the dashboard summmary view of the tile -->
    <property name="uri" hidden="true" default="bcbsa/DeploymentsTile/deployments-tile-summary-view.html" />

    <!-- Title of the tile, this property is predefined in the parent type, but here you override its default value -->
    <property name="title" description="Display name of the tile" default="Deployments"/>
</type>
</synthetic>
